"File","Type","Annotation"
file:///home/ashwin/Dropbox/All_Codes_Ashwin/./Manipulator_Files/3RRR/CPP/SWZ/analysis1.txt,TXT, ,
file:///home/ashwin/Dropbox/All_Codes_Ashwin/./Manipulator_Files/3RRR/CPP/SWZ/scanner.h,H, ,
file:///home/ashwin/Dropbox/All_Codes_Ashwin/./Manipulator_Files/3RRR/CPP/SWZ/swz_3rrr.cpp,CPP, ,
file:///home/ashwin/Dropbox/All_Codes_Ashwin/./Manipulator_Files/3RRR/CPP/SWZ/Makefile,MAKEFILE, ,
file:///home/ashwin/Dropbox/All_Codes_Ashwin/./Manipulator_Files/3RRR/CPP/SWZ/gmon.out,OUT, ,
file:///home/ashwin/Dropbox/All_Codes_Ashwin/./Manipulator_Files/3RRR/CPP/SWZ/main.cpp,CPP, ,
file:///home/ashwin/Dropbox/All_Codes_Ashwin/./Manipulator_Files/3RRR/CPP/SWZ/analysis.txt,TXT, ,
file:///home/ashwin/Dropbox/All_Codes_Ashwin/./Manipulator_Files/3RRR/CPP/SWZ/swz_len.h,H, ,
file:///home/ashwin/Dropbox/All_Codes_Ashwin/./Manipulator_Files/3RRR/CPP/SWZ/swz_3rrr.h,H, ,
file:///home/ashwin/Dropbox/All_Codes_Ashwin/./Manipulator_Files/3RRR/CPP/SWZ/scanner.cpp,CPP, ,
file:///home/ashwin/Dropbox/All_Codes_Ashwin/./Manipulator_Files/3RRR/CPP/SWZ/swz_len.cpp,CPP, ,
file:///home/ashwin/Dropbox/All_Codes_Ashwin/./Manipulator_Files/3RRR/CPP/SWZ/annotation.csv,CSV, ,
